{
  "experiment": "Real Baseline Comparison",
  "timestamp": "2026-01-04T19:40:40.573270",
  "hardware": "NVIDIA A100 80GB PCIe",
  "cuda_version": "11.8",
  "pytorch_version": "2.1.0+cu118",
  "deepbench": {
    "gemm": {
      "1024x1024x1024": {
        "timing": {
          "mean_ms": 0.0316731259226799,
          "std_ms": 0.00040672348841583507,
          "min_ms": 0.030989758670330048,
          "max_ms": 0.03372039645910263,
          "p50_ms": 0.03162026405334473,
          "p95_ms": 0.03208243288099766,
          "p99_ms": 0.033660465851426125
        },
        "tflops": 67.80144319327414,
        "config": {
          "M": 1024,
          "N": 1024,
          "K": 1024
        }
      },
      "2048x2048x2048": {
        "timing": {
          "mean_ms": 0.08851425722241402,
          "std_ms": 0.0004942973208792604,
          "min_ms": 0.08781068027019501,
          "max_ms": 0.0919196754693985,
          "p50_ms": 0.08846493437886238,
          "p95_ms": 0.0890728086233139,
          "p99_ms": 0.09020750410854818
        },
        "tflops": 194.0915477698843,
        "config": {
          "M": 2048,
          "N": 2048,
          "K": 2048
        }
      },
      "4096x4096x4096": {
        "timing": {
          "mean_ms": 0.606524022296071,
          "std_ms": 0.03350162100991012,
          "min_ms": 0.5455706268548965,
          "max_ms": 0.6437422707676888,
          "p50_ms": 0.5976664833724499,
          "p95_ms": 0.6424247287213802,
          "p99_ms": 0.643591983243823
        },
        "tflops": 226.60100576347824,
        "config": {
          "M": 4096,
          "N": 4096,
          "K": 4096
        }
      },
      "8192x8192x8192": {
        "timing": {
          "mean_ms": 4.742670888081193,
          "std_ms": 0.025520699547358833,
          "min_ms": 4.645049571990967,
          "max_ms": 4.835530184209347,
          "p50_ms": 4.741064738482237,
          "p95_ms": 4.775218944996595,
          "p99_ms": 4.778247587382793
        },
        "tflops": 231.83384504692975,
        "config": {
          "M": 8192,
          "N": 8192,
          "K": 8192
        }
      },
      "1024x4096x1024": {
        "timing": {
          "mean_ms": 0.07433111779391766,
          "std_ms": 0.0010003635235061486,
          "min_ms": 0.07344037294387817,
          "max_ms": 0.08221063762903214,
          "p50_ms": 0.0741402618587017,
          "p95_ms": 0.07552397437393665,
          "p99_ms": 0.07674588821828368
        },
        "tflops": 115.56310260011851,
        "config": {
          "M": 1024,
          "N": 4096,
          "K": 1024
        }
      },
      "4096x1024x4096": {
        "timing": {
          "mean_ms": 0.17968537285923958,
          "std_ms": 0.0014693734987660887,
          "min_ms": 0.17360039055347443,
          "max_ms": 0.18686987459659576,
          "p50_ms": 0.17974479123950005,
          "p95_ms": 0.18102996982634068,
          "p99_ms": 0.18303892575204375
        },
        "tflops": 191.22167720861978,
        "config": {
          "M": 4096,
          "N": 1024,
          "K": 4096
        }
      }
    },
    "conv": {
      "64to64_224x224": {
        "timing": {
          "mean_ms": 0.10062320157885551,
          "std_ms": 0.000768836137184154,
          "min_ms": 0.09922962635755539,
          "max_ms": 0.10393001139163971,
          "p50_ms": 0.10047527030110359,
          "p95_ms": 0.10216073133051395,
          "p99_ms": 0.10290104895830154
        },
        "config": {
          "in_ch": 64,
          "out_ch": 64,
          "kernel": 3,
          "size": 224
        }
      },
      "64to128_112x112": {
        "timing": {
          "mean_ms": 0.07016057148575783,
          "std_ms": 0.0008931558800847957,
          "min_ms": 0.06906967610120773,
          "max_ms": 0.07539056241512299,
          "p50_ms": 0.07004430517554283,
          "p95_ms": 0.07078149355947971,
          "p99_ms": 0.07380562834441663
        },
        "config": {
          "in_ch": 64,
          "out_ch": 128,
          "kernel": 3,
          "size": 112
        }
      },
      "128to256_56x56": {
        "timing": {
          "mean_ms": 0.06773685105144978,
          "std_ms": 0.0017261351477691573,
          "min_ms": 0.06649084389209747,
          "max_ms": 0.08320994675159454,
          "p50_ms": 0.06752042099833488,
          "p95_ms": 0.06839237175881863,
          "p99_ms": 0.07369573228061205
        },
        "config": {
          "in_ch": 128,
          "out_ch": 256,
          "kernel": 3,
          "size": 56
        }
      },
      "256to512_28x28": {
        "timing": {
          "mean_ms": 0.07413573563098907,
          "std_ms": 0.0014121059769754934,
          "min_ms": 0.07261987775564194,
          "max_ms": 0.08615013211965561,
          "p50_ms": 0.0739353708922863,
          "p95_ms": 0.07538683712482452,
          "p99_ms": 0.07765565998852257
        },
        "config": {
          "in_ch": 256,
          "out_ch": 512,
          "kernel": 3,
          "size": 28
        }
      },
      "512to512_14x14": {
        "timing": {
          "mean_ms": 0.09559674188494682,
          "std_ms": 0.001272145255667093,
          "min_ms": 0.09341072291135788,
          "max_ms": 0.10508112609386444,
          "p50_ms": 0.09547034278512001,
          "p95_ms": 0.09667160920798779,
          "p99_ms": 0.09885295294225219
        },
        "config": {
          "in_ch": 512,
          "out_ch": 512,
          "kernel": 3,
          "size": 14
        }
      }
    },
    "attention": {
      "b1_s128_h12": {
        "timing": {
          "mean_ms": 0.25749663822352886,
          "std_ms": 0.006247328774369412,
          "min_ms": 0.2525206655263901,
          "max_ms": 0.30164048075675964,
          "p50_ms": 0.25580544024705887,
          "p95_ms": 0.26742941699922085,
          "p99_ms": 0.2791969291865827
        },
        "config": {
          "batch": 1,
          "seq": 128,
          "heads": 12,
          "dim": 64
        }
      },
      "b1_s512_h12": {
        "timing": {
          "mean_ms": 0.25246170349419117,
          "std_ms": 0.004792519651495016,
          "min_ms": 0.24849176406860352,
          "max_ms": 0.27714017778635025,
          "p50_ms": 0.2511199563741684,
          "p95_ms": 0.26292484253644943,
          "p99_ms": 0.2731119189411402
        },
        "config": {
          "batch": 1,
          "seq": 512,
          "heads": 12,
          "dim": 64
        }
      },
      "b8_s512_h12": {
        "timing": {
          "mean_ms": 0.5148922652006149,
          "std_ms": 0.0017106290712277734,
          "min_ms": 0.5124304443597794,
          "max_ms": 0.523621216416359,
          "p50_ms": 0.5146157927811146,
          "p95_ms": 0.5175497382879257,
          "p99_ms": 0.522611616179347
        },
        "config": {
          "batch": 8,
          "seq": 512,
          "heads": 12,
          "dim": 64
        }
      },
      "b1_s1024_h16": {
        "timing": {
          "mean_ms": 0.37496828474104404,
          "std_ms": 0.00434951918606031,
          "min_ms": 0.37081073969602585,
          "max_ms": 0.39457157254219055,
          "p50_ms": 0.37381611764431,
          "p95_ms": 0.3850331995636225,
          "p99_ms": 0.3934227488934994
        },
        "config": {
          "batch": 1,
          "seq": 1024,
          "heads": 16,
          "dim": 64
        }
      },
      "b1_s2048_h16": {
        "timing": {
          "mean_ms": 0.9111343510448933,
          "std_ms": 0.01822047011700434,
          "min_ms": 0.8927714079618454,
          "max_ms": 1.0587424039840698,
          "p50_ms": 0.912622082978487,
          "p95_ms": 0.9233553428202868,
          "p99_ms": 0.9268535766750581
        },
        "config": {
          "batch": 1,
          "seq": 2048,
          "heads": 16,
          "dim": 64
        }
      }
    },
    "layernorm": {
      "b32_s512_d768": {
        "timing": {
          "mean_ms": 0.08733020164072514,